townful,overvalue,micrandrous,kakan,uncravingly,bellyflaught,cachaemic,epithets,heteroaromatic,beadrow
surprising,monodelphian,scholiums,unjuvenileness,modernness,zaqqum,coastland,portcullising,pallu,bights
overemulating,waker,regicidism,unbigotedness,conducibleness,penuckle,unescorted,vansire,wurraluh,bluchers
eupneic,tersulphuret,shattery,bludgeoner,trivial,unmultipliedly,yattered,campagi,cuittles,jellifying
tine,brim,eloigns,misapplication,veneries,thelyphonidae,heterological,thiohydrolysis,safegaurds,masanobu
zillions,unseignorial,hereby,bladderwort,nonprotrusion,unecliptical,chimp,multiprogrammed,breathiest,soli
tritagonist,retroacting,varna,untransforming,presmooth,grisgris,noncursively,literatured,polygoneutic,distasting
unsalubriously,database,port,clupeoids,midmonths,cajuput,brutalizes,diethylaminoethanol,hungrify,herdswoman
homemakers,preadjustable,ammonolytic,coccoid,substrat,pelvimetric,unofficinal,infuriate,pirog,breeched
demibob,unfluxile,daintified,coleopterology,tummel,lugubrous,dermostenosis,palatorrhaphy,pleurosteal,euthenics
